{
  "cnn_supervised": [
    [
      100,
      0.0033618063770700247
    ],
    [
      200,
      0.0010530443576863035
    ],
    [
      300,
      0.0006987558260152582
    ],
    [
      400,
      0.0007265295708202757
    ],
    [
      500,
      0.0006141215795651078
    ],
    [
      600,
      0.0006029067884082906
    ],
    [
      700,
      0.0005650317382969661
    ],
    [
      800,
      0.0005577616413938813
    ],
    [
      900,
      0.00065236982278293
    ],
    [
      1000,
      0.0005124588080798276
    ],
    [
      1100,
      0.0005051834622281603
    ],
    [
      1200,
      0.0005041602834535297
    ],
    [
      1300,
      0.00048059512075269593
    ],
    [
      1400,
      0.00047013109520776196
    ],
    [
      1500,
      0.00045652945496840405
    ],
    [
      1600,
      0.00045991266109922434
    ],
    [
      1700,
      0.00047080989927053454
    ],
    [
      1800,
      0.00045823891821783036
    ],
    [
      1900,
      0.0004369852774834726
    ],
    [
      2000,
      0.0004450409353012219
    ],
    [
      2100,
      0.0004354349893401377
    ],
    [
      2200,
      0.0004286113363923505
    ],
    [
      2300,
      0.0004235105296538677
    ],
    [
      2400,
      0.000433673974184785
    ],
    [
      2500,
      0.00041630640291259627
    ]
  ],
  "cnn_n2n": [
    [
      100,
      0.029817219991236925
    ],
    [
      200,
      0.027103326339274644
    ],
    [
      300,
      0.026312651904299857
    ],
    [
      400,
      0.028266294687055053
    ],
    [
      500,
      0.024993871059268712
    ],
    [
      600,
      0.026508532860316337
    ],
    [
      700,
      0.024347966376226396
    ],
    [
      800,
      0.027697362909093498
    ],
    [
      900,
      0.024417194165289403
    ],
    [
      1000,
      0.02606292233802378
    ],
    [
      1100,
      0.027191549884155394
    ],
    [
      1200,
      0.02515083803795278
    ],
    [
      1300,
      0.027338679265230894
    ],
    [
      1400,
      0.026042327759787442
    ],
    [
      1500,
      0.025517761781811713
    ],
    [
      1600,
      0.026263278578408062
    ],
    [
      1700,
      0.026446421653963624
    ],
    [
      1800,
      0.02533736112061888
    ],
    [
      1900,
      0.026726637231186033
    ],
    [
      2000,
      0.026171417394652962
    ],
    [
      2100,
      0.025836675018072127
    ],
    [
      2200,
      0.025830574873834847
    ],
    [
      2300,
      0.025202172193676233
    ],
    [
      2400,
      0.023113832767121492
    ],
    [
      2500,
      0.02616978907957673
    ]
  ],
  "cnn_fixed_low": [
    [
      100,
      0.002714919563150033
    ],
    [
      200,
      0.0008326210791710765
    ],
    [
      300,
      0.0006615755095845089
    ],
    [
      400,
      0.0006178861152147875
    ],
    [
      500,
      0.0005853716674027964
    ],
    [
      600,
      0.0005663442297372967
    ],
    [
      700,
      0.0005559377768076956
    ],
    [
      800,
      0.000543394185078796
    ],
    [
      900,
      0.0005355122874607332
    ],
    [
      1000,
      0.0005241116636898369
    ],
    [
      1100,
      0.0005173241216107271
    ],
    [
      1200,
      0.0005119898557313717
    ],
    [
      1300,
      0.0005075346544617787
    ],
    [
      1400,
      0.0005076720190118067
    ],
    [
      1500,
      0.0005016780490404927
    ]
  ],
  "cnn_fixed_high": [
    [
      100,
      0.00029214813330327163
    ],
    [
      200,
      0.00010032249563664664
    ],
    [
      300,
      7.445024908520282e-05
    ],
    [
      400,
      6.463641875598114e-05
    ],
    [
      500,
      5.9159301454201344e-05
    ],
    [
      600,
      5.5458881361118985e-05
    ],
    [
      700,
      5.110928508656798e-05
    ],
    [
      800,
      4.952929753926583e-05
    ],
    [
      900,
      4.8252084270643535e-05
    ],
    [
      1000,
      4.691739439294906e-05
    ],
    [
      1100,
      4.560649678751361e-05
    ],
    [
      1200,
      4.481768686673604e-05
    ],
    [
      1300,
      4.465617505047703e-05
    ],
    [
      1400,
      4.4031022407580165e-05
    ],
    [
      1500,
      4.369948452222161e-05
    ]
  ]
}